title,company,location,date
[LG계열]전 분야 채용(W&D/HR/IT/해외),㈜판토스,서울 종로구,9시마감
IT 가상화/VMware/Cloud 엔지니어 채용 (신입/경력),(주)케이디아이에스,서울 영등포구,~ 03/27(금)
IT Support Engineer (전산 & 자산관리) 채용 - 서울 본사,쿠팡 주식회사,서울 송파구,상시채용
[Global] 포워딩 IT 경력직 채용 공고,어질리티(주),서울 중구,~ 03/06(금)
실리콘마이터스 IT팀 인프라 담당 채용 (정규직),(주)실리콘마이터스,경기 성남시 분당구,채용시
아모제푸드(주) 본사 경영기획본부 IT팀 팀원 채용,아모제푸드(주),서울 강남구,~ 04/25(토)
2020년 IT 부문 신입/경력 채용,(주)글로벌머니익스프레스,서울 종로구,~ 03/04(수)
[deleokorea] IT Tech 직군 채용(경력),델레오코리아,서울 강남구,상시채용
"상반기 각 부문별 채용(영업/마케팅, IT, 기획, CS, 운영, 물류)",에스에프익스프레스(주),서울 영등포구,~ 03/02(월)
마케터/정보보안/방송기술/IT콘텐츠/게임콘텐츠 담당자 신입 및 경력 채용,(주)인벤,경기 성남시 분당구,오늘마감
"SI, SM, SI영업, IT영업, OA교육, 디지털교육 경력직 모집",교보정보통신㈜,서울 성북구,~ 03/08(일)
[ADDWARD] IT TEAM  웹 개발자 채용 공고,주식회사 애드워드,서울 서초구,채용시
2020 상반기 IT개발자 정규직 채용,㈜푸드테크,서울 강남구,내일마감
빗썸 IT 전문인력 채용,(주)빗썸코리아,서울 강남구,~ 03/20(금)
총무/IT 담당자 모집,(주)파크시스템스,경기 수원시 영통구,~ 03/27(금)
NH농협캐피탈 IT통합지원팀(IT개발 및 IT인프라 운영) 정규직,엔에이치농협캐피탈(주),서울 영등포구,~ 03/09(월)
[SK어드밴스드] IT 전략지원 경력사원 모집,에스케이어드밴스드(주),울산 남구,~ 03/09(월)
BMW 한독모터스 IT 시스템 관리자 채용,(주)한독모터스,서울 서초구,~ 03/15(일)
제조업체 전산(IT)관리 직원(사원~주임급) 모집,해성옵틱스(주),경기 수원시 권선구,~ 03/05(목)
2020년 상반기 IT 신입 채용 공고,(주)경신홀딩스,인천 연수구,~ 03/03(화)
[코리아교육그룹] 코리아IT아카데미 지점별 직원채용,㈜코리아정보보안아이티아카데미,서울 강남구,~ 03/01(일)
'20년 상반기 [PI팀]  IT/네트워크/AI/제조시스템 경력사원 모집,대덕전자㈜,경기 안산시 단원구,오늘마감
"인사, IT 각 부문 경력사원 채용",원익큐엔씨,경북 구미시,~ 03/04(수)
엠케이전자 IT팀 신입사원 모집,엠케이전자㈜,경기 용인시 처인구,~ 03/03(화)
"[원익홀딩스] 각 부문별 모집 (인사,회계,IT,품질관리)",(주)원익홀딩스,경기 평택시,~ 03/31(화)
[정규직] IT팀 IT팀장 경력 채용,(주)엠비씨플레이비,서울 송파구,~ 03/11(수)
IT담당 직원 채용,한국선주상호보험조합,서울 영등포구,~ 03/03(화)
2020년 JB우리캐피탈 경력사원(IT 정보보안 부문) 수시 채용,JB우리캐피탈㈜,서울전체,~ 03/05(목)
㈜한창 IT사업팀 전산파트 채용,㈜한창,서울 영등포구,~ 03/01(일)
[펜타시큐리티] IT보안기술 개발자 모집,펜타시큐리티시스템(주),서울 영등포구,~ 03/08(일)
금융IT전문기업 ㈜디리아 2020 상반기 신입/경력 개발자 공개 채용,(주)디리아,서울 서초구,~ 03/08(일)
연세의료원/ Health IT센터 연구간호사(CRC) 모집,연세대학교의료원 산학협력단,서울 서대문구,~ 03/10(화)
오쇼핑부문 IT개발 경력 사원 모집,CJ ENM㈜,서울전체,~ 03/02(월)
"2020년 경력직원 4차(IT, 데이터분석) 수시 공개채용",KBS,전국,~ 03/02(월)
[정규직]세계적인 외국계 회사 IT 인프라 매니저 배우면서 하실.,아이티인포(주),서울 송파구,~ 04/06(월)
IT운영팀 경력 및 신입 사원 채용,㈜디케이씨,경북 포항시 북구,~ 03/06(금)
외국계 특송회사 IT 담당자 경력직 채용,에스에프익스프레스(주),서울 서대문구,내일마감
"[여의도/연 4,200만] 인스파이어 IT Service Desk 채용",(주)맨파워그룹코리아,서울 영등포구,~ 03/26(목)
IT 시스템 엔지니어 (사원·대리·과장),엔셀 주식회사,경기 성남시 분당구,~ 04/26(일)
[셀트리온스킨큐어] IT 개발 운영 경력직 모집,(주)셀트리온스킨큐어,서울 서초구,~ 03/13(금)
SK하이닉스 IT시스템 운영 채용 공고 (SK하이스텍),SK하이스텍,경기 이천시,~ 03/01(일)
"[정규직 / 연 3,500~4,000만] IT인프라 운영 및 정보보안 경력직",템프인주식회사,서울 강남구,~ 03/28(토)
"IT팀 각 부문 정규직 채용 (IT영업 : 서울, WEB,SAP운영 : 부산)",대한네트웍스,부산 강서구,~ 03/10(화)
월스트리트잉글리쉬 IT (전산) 부문 신입/경력 채용,월스트리트인스티튜트㈜,서울 종로구,상시채용
바이오제약연구소 인사/총무/IT/회계/재무 경력직 모집합니다,(주)뉴로라이브,경기 수원시 영통구,내일마감
어린이집 관련 IT제품 납품/유지보수/기타 영업,(주)경성테크놀러지,부산 해운대구,~ 04/27(월)
IT Infra 전산실 운영 및 관리직 충원의 건,콜라보아이티,서울 구로구,~ 03/20(금)
[메가스터디IT아카데미] 2020년 상반기 부문별 공개채용,메가아이티 컴퓨터 학원,서울 강남구,~ 03/02(월)
(재)다산인재개발원 한국IT아카데미 구로 행정 직원모집,재단법인 다산인재개발원 한국아이티아카데미 구로,서울 구로구,~ 03/20(금)
IT본부 신입&경력 모집,유안타증권(주),서울 중구,~ 04/18(토)
한국애보트진단 IT SAP 어플리케이션 운영 담당자 (정규직/경력),(주)한국애보트진단,경기 용인시 기흥구,채용시
[㈜필링크/필링크아이] IT부문 개발자 모집,㈜필링크,서울 영등포구,~ 04/25(토)
IT 영업지원 신입/경력사원 채용,한국정보공학㈜,경기 성남시 분당구,~ 03/28(토)
[해비치호텔&리조트 제주] IT담당 채용공고,해비치호텔앤드리조트주식회사,제주 서귀포시,~ 03/08(일)
IT 인프라 부문 신입사원 채용,(주)에이치엘엠씨,서울 중구,~ 03/22(일)
IT 인프라 및 보안 관리자,ACN Korea,서울 강남구,~ 03/30(월)
[카카오뱅크] 코어뱅킹파트 업무별 IT 경력자,한국카카오은행(주),경기 성남시 분당구,내일마감
[펑타이코리아] IT Manager 채용,펑타이그레이터차이나(유),서울 강남구,~ 03/02(월)
"IT/전산 (ERP,POS,서버,네트워크 운영관리)경력직 채용(정규직)",(주)독립문,서울 성동구,~ 03/25(수)
"IT팀(전산팀) 경력/신입 모집(서버관리, 네트워크관리)",대원케미칼(주),경기 수원시 영통구,~ 03/08(일)
IT헬프데스크(분당),(주)컴파트너스,경기 성남시 분당구,~ 03/01(일)
[경력공채] IT 개발 경력직 채용,에스비티엠 주식회사,서울 중구,~ 03/16(월)
시스템운영팀 IT 인프라운영 담당자 채용,(주)에스지유 서울사업장,서울 금천구,채용시
파이퍼베큠세미코리아 IT/SAP 부문 경력직원 채용,파이퍼베큠세미코리아(유),경기 화성시,내일마감
IT보안실 신입사원 채용,(주)케이닥스,서울 강남구,~ 03/11(수)
IT [신입/경력] 직원 공개채용,(주)라이브저축은행,서울 강남구,내일마감
"알피바이오 제품기획(건식), IT 경력 모집",채용디자인,서울 강남구,~ 03/08(일)
"IT분야 신입 엔지니어 모집(통신,전산)",에스네트웍스(주),경남 진주시,~ 04/27(월)
[야놀자] 경영지원실 IT Infra팀 시스템 운영 담당자,(주)야놀자,서울 강남구,~ 03/20(금)
IT 솔루션 분야 신입/경력 사원 모집,프리커스 주식회사,서울 금천구,채용시
[ 09 - 18시 / 대규모 모집 ] 쿠팡 단순 인바운드 상담 It2J,㈜트랜스코스모스코리아,서울 종로구,오늘마감
[ 09 - 18시 / 대규모 모집 ] 쿠팡 단순 인바운드 상담 It2J,㈜트랜스코스모스코리아,서울 종로구,오늘마감
[KT그룹사] 금융/보안 IT개발 분야 '정규직전환형 인턴' 모집,이니텍(주),서울 구로구,~ 03/08(일)
IT보안 기술지원 엔지니어 채용(신입/경력),㈜엠엘소프트,서울전체,~ 03/31(화)
"IT 인사,총무 담당자 채용",네이버시스템(주),서울 송파구,오늘마감
[해외 IT사업실] FTA 원산지 관리시스템 운영 및 지원 인력 모집,(주)한국무역정보통신,경기 성남시 분당구,~ 03/01(일)
[롯데오토리스] IT정보보안팀(SAP ERP 운영) 경력직원 모집,롯데오토리스(주),서울 강남구,~ 03/02(월)
여의도/ IT전산 서비스데스크 담당 직원 채용,현대디지텍코어(주),서울 영등포구,~ 03/20(금)
[중견IT기업/종로5가역] 채용/교육파트 Admin,(주)맨파워그룹코리아,서울 종로구,~ 03/02(월)
[중견IT기업/종로5가역] 인사 운영 (HR Operation),(주)맨파워그룹코리아,서울 종로구,~ 03/02(월)
[정규직] IT 보안 분야 사업기획 및 제품기획 경력자 채용,㈜테르텐,서울 구로구,~ 03/03(화)
IT 정보보안솔루션 기술지원 엔지니어 (신입/경력)  채용,(주)시큐어월,부산 해운대구,~ 03/13(금)
[구로디지털단지/연3000만/소속전환]대기업 IT 전산관리 채용,㈜키스템프,서울 구로구,오늘마감
[HP총판] 하드웨어 기술영업 (IT) / 영업지원,(주)신성씨앤에스,서울 구로구,~ 03/20(금)
[경력] IT인프라 솔루션 영업지원 담당자 모집,(주)이든티앤에스,서울 영등포구,~ 04/26(일)
[정규직 취업]일본 현지 호텔 프론트/IT 개발자 국비 연수,글로벌인,일본 일본,오늘마감
[전액국비] 4차산업 IT전문인력 취업연계교육,한국기술교육직업전문학교,부산 동래구,~ 03/13(금)
자동차애프터마켓 ll IT 각 부문 정규직원 채용,오토앤주식회사,경기 광명시,~ 03/25(수)
[코스닥상장] 정규직 반도체칩 IT부품 /품질보증(검사) 채용,휴먼워크(주),경기 안산시 단원구,~ 03/04(수)
[안양/대기업] 사내 시스템운영 채용 (IT/컴퓨터 전공우대),(주)코리아인에이치알,경기 군포시,내일마감
더존(DOUZONE) IT 솔루션 기술영업/ 전문 TM직원 충원,아이원소프트뱅크(주),서울 구로구,~ 03/01(일)
[IT's LIFE] 2020년 상반기 신입 및 경력 채용,이츠라이프,경기 남양주시,~ 03/05(목)
"배우면서 일하실 IT팀 웹,앱 개발자 신입 모집 공고",헤온,충남 아산시,~ 03/22(일)
IT보안 기술지원 경력 4년 ~ 10년,굿어스㈜,서울 강남구,~ 03/15(일)
[KG이니시스] IT실 경력직 채용,(주)케이지이니시스,서울 중구,~ 03/26(목)
"정보통신·IT 계약직, 병역특례 채용 - 경력무관",한국과학기술원,대전 유성구,~ 03/10(화)
(주)티에스케이코퍼레이션 IT팀 경력직 채용,(주)티에스케이코퍼레이션,서울 송파구,~ 03/01(일)
(경력사원) 정보통신·IT 정규직 채용 공고,(주)케이씨인더스트리얼,서울 강남구,~ 03/13(금)
[신입/경력] IT개발자 부문별 채용공고,㈜해커스교육그룹,서울 서초구,채용시
[IT 스타트업] 경리(출납·결산·비서업무) 모집합니다,하이퍼하이어(주),서울 강남구,~ 03/25(수)
IT 전산기기 데이터 보안 처리 및 재사용 정비 업무 채용,(주)티스퓨쳐코리아,경기 하남시,내일마감
디지털손해보험사 IT개발/경영/인사기획/소비자보호 경력직 채용,캐롯손해보험(주),서울 중구,~ 03/11(수)
IT컨설팅/기술영업,㈜헤드아이티,전북 전주시 완산구,~ 03/13(금)
IT Project Engineer 채용 공고 (경력직),(주)벡터코리아아이티,서울 용산구,~ 03/06(금)
"제약회사 IT시스템(ERP,MES) 유지보수 개발자 모집",(주)지엠피아이티,서울 금천구,~ 03/16(월)
외국계기업 IT부문 Clinical System Support Manager,(주)프레제니우스메디칼케어코리아,서울 강남구,채용시
IT 통합 유지보수(AS) 신입사원 채용,(주)케이원정보통신,부산 부산진구,~ 03/31(화)
한국오바라 전산/IT 담당 신입사원 모집,한국오바라(주),경기 화성시,~ 04/14(화)
IT운용 관리 및 전산관련업무 직원 모집,기보스틸(주),경기 시흥시,~ 04/19(일)
한양디지텍VINA 베트남법인 현지채용( IT 개발자 ),한양디지텍㈜,아시아·중동 베트남,~ 03/06(금)
"IT 인프라 영업 담당자, 영업지원 신입 및 경력직 채용",대상정보기술(주),서울 중랑구,~ 03/31(화)
[미국계 반도체] IT Generalist 경력사원 채용,엑셀리스코리아(주),경기 화성시,~ 03/09(월)
SIB (주)선인  IT개발팀  팀원을 모십니다,(주)선인,경기 용인시 기흥구,채용시
[정규직] IT 인프라 시스템 구축 프로젝트 사업관리 채용,(주)메타넷티플랫폼,서울 종로구,~ 03/02(월)
[정규직] IT 인프라 시스템 TA 채용,(주)메타넷티플랫폼,서울 종로구,~ 03/02(월)
IT 헬프데스크 기술지원 및 전산실 유지보수[서초/강동/수원],서울데이타통신(주),서울 마포구,~ 03/13(금)
IT사업본부 기술영업 및 개발,(주)에이피솔루션즈,인천 연수구,~ 03/01(일)
정우산기 IT경력 사원 모집,정우산기㈜,충남 천안시 동남구,채용시
바바리안모터스 IT팀 직원 모집,(주)바바리안모터스,인천 연수구,오늘마감
(물류/포워딩) 지오디스코리아 IT Specialist / E-solution,지오디스코리아(주),서울 영등포구,~ 03/06(금)
[선릉역/외국계] 메트라이프 IT기획팀 PC관리 채용,(주)사람인에이치에스,서울 강남구,~ 03/06(금)
"IT 솔루션 영업, 영업기획 실무자 채용",(주)진앤현시큐리티,서울 송파구,~ 03/18(수)
EBPP 금융 IT부서 정산 운영 및 개발,이지스엔터프라이즈(주),서울 금천구,~ 03/02(월)
IT기술영업 - 신입 경력직 채용,(주)대흥정보,서울 영등포구,~ 03/13(금)
IT 교육 운영 담당자를 모십니다,(주)씨에스리,서울 마포구,~ 03/06(금)
법무법인(유한) 바른 전산/IT팀 경력 및 신입사원 모집,법무법인(유한) 바른,서울 강남구,~ 03/16(월)
IT업종 기획담당자(사업/제품기획 사업성분석 등),주식회사 큐버,경기 성남시 분당구,~ 03/20(금)
[정규직/경력] BTB/BTG IT신사업기획/사업화/팀장 채용,(주) 에스에이텍,서울 구로구,~ 03/26(목)
고객서비스팀 IT부문 PC 및 전산 유지보수 담당자 모집,주식회사 지제이텍,서울 영등포구,~ 03/16(월)
사무보조 및 IT 연구과제 문서 지원,(주)시야인사이트,강원 원주시,~ 04/18(토)
[국제기구 한-아세안센터] IT 직원 채용 공고(~3/1),한-아세안센터,서울 중구,~ 03/01(일)
(주)포어사이트 IT기술 엔지니어 채용,(주)포어사이트,서울 송파구,~ 03/27(금)
[이브레인테크] IT영업 신입직원 채용,(주) 이브레인테크,서울 중구,내일마감
[판교역 인근] SKT판매점 대상 PC 및 IT 1차 장애지원 콜센터,(주)레코피스,경기 성남시 분당구,~ 03/12(목)
"회사와 함께 성장할 인재 모집  (IT컨설턴트, 기술영업, 경리)",(주)스마트웍스,서울 성동구,~ 04/21(화)
IT HelpDesk 및 총무 경력 채용 공고 - 정규직,(주)쏘울에너지,서울 강남구,~ 03/06(금)
[나이스평가정보/여의도] IT서비스 개발지원/3년이상/연봉4000만,모닝인컨설팅,서울 영등포구,~ 03/05(목)
[한국야쿠르트 계열사] ㈜HY모터스 IT (시스템 PL),(주)에이치와이모터스,경기 군포시,~ 03/03(화)
[페어필드 메리어트 서울] 호텔 IT 경력직 모집 - 주임/대리급,(주)더파이낸셜어드바이저리그룹,서울 영등포구,~ 03/02(월)
[현대글로비스 터키법인] IT 팀장급 채용,현대글로비스 터키법인,유럽 터키,채용시
브리티시오토(주) IT/총무 및 평촌AS지점 메케닉 직원 채용,브리티시오토주식회사,경기 안양시 동안구,~ 03/31(화)
IT 개발부 총괄(부장급),(주)뉴트리션코트,서울 강남구,채용시
병원 IT인프라 TA 경력사원 채용(급구),(주)파이디지털헬스케어,서울 서대문구,~ 03/01(일)
[(주)비테크놀로지] IT영업사원 및 정보보안 엔지니어 모집,(주)비테크놀로지,부산 금정구,~ 04/08(수)
IT 온라인신문 디지털데일리 - 신입기자 모집,㈜디지털데일리,서울 마포구,~ 03/13(금)
아이나비 BlackBox & IT Device기구 개발 담당 경력 모집,팅크웨어(주),경기 성남시 분당구,오늘마감
부국증권(주) 2020년 IT부문 경력사원 모집,부국증권(주),서울 영등포구,~ 03/04(수)
"코렌스 전산팀 IT 전분야(SE, IE) 정규직 채용",㈜코렌스,경남 양산시,채용시
BIO 신약 개발 업무 경력/IT 시스템 구축 PM 및 고급 개발자,오상자이엘(주),인천 부평구,채용시
응용프로그램(SW/IT) 개발자/연구개발/프로그래머 경력직 채용,㈜하이테크엔지니어링,전남 여수시,~ 03/14(토)
"[BHC] 정보, 전산(IT) 서비스 기획 및 설계 및 시스템 운영 유지",(주)비에이치씨,서울 송파구,~ 03/13(금)
IT인프라 구축 / 기술지원,(주)제이엔테크놀러지,서울 구로구,~ 04/10(금)
"국내외 IT 기업 컨벤션, 마케팅, 프로모션 경력자 및 신입 채용",온페이퍼크리에이티브,서울 송파구,~ 03/08(일)
[글로웰시스템] IT 보안 및 네트워크 신입 및 경력 모집,(주)글로웰시스템,서울 송파구,채용시
울산 신입 IT 네트워크 기술 유지보수 전산 보안 정보통신,(주)지니넷,울산 북구,내일마감
(주)제이솔루션 영상/음향/IT solution 설계팀원 모집,(주)제이솔루션,부산 동구,~ 04/26(일)
"제약 장비 IT 시스템 밸리데이션 / 사무보조 / 워드,문서작성",(주)에이피브이에스플러스,경기 안산시 단원구,~ 04/03(금)
IT 전산직 신입 / 경력 채용,(주)엔에스티시스템,서울 강남구,~ 04/11(토)
책임있는 IT 관리자를 모십니다.,(주)바글바글,경기 광주시,~ 04/12(일)
IT인프라/전산 및 총무 경력직원 모집 공고,주식회사 비에스에스스포츠,서울 강남구,~ 03/11(수)
IT 출판사 루비페이퍼에서 기획편집자를 모십니다,루비페이퍼,경기 부천시,~ 04/14(화)
삼성전자 B2B / IT · 영업관리및 솔루션영업 정규직 채용,(주)서울비투비,서울 양천구,~ 03/08(일)
"해외영업, 해외마케팅, 솔루션영업, 기술영업(IT) 신입/경력직",(주)에스알포스트,서울 구로구,채용시
"IT System(서버, 네트워크, 보안 등) 신입, 경력 엔지니어 채용",(주)유아이에스,대전 유성구,~ 03/29(일)
나온IT 화학합성설계부서 및 각 부문 공채,나온it,경기 안산시 상록구,~ 04/05(일)
IT분야 교육매니저 및 강사 채용 (함께 성장할 수 있는 인재),(주)한국아이티전문학원,충북 청주시 상당구,오늘마감
[경기 평택] Camp Humphrey 주한미군부대 내 KT MUSIC IT직원,(주)뮤직아이티,경기 평택시,내일마감
[UBASE] 유베이스 IT개발팀 경력직 모집,(주)유베이스,경기 부천시,~ 03/27(금)
IT BP APAC(Korea/Vietnam) -Product Supply (2Y con. / 반월),바이엘코리아,경기 안산시 단원구,~ 03/05(목)
(주)비상교육 IT전략팀 채용(웹디자이너),(주)비상교육,서울 구로구,~ 03/20(금)
[정규직]효성 계열사 IT전산직 정규사원 채용,이케이맨파워(주),서울 금천구,채용시
[EY컨설팅] 컨설팅본부 IT감사 및 컨설팅 신입 및 경력모집,한영회계법인,서울 영등포구,~ 03/20(금)
[한국시세이도] IT Specialist 경력직 채용(영어 필수),(주)한국시세이도,서울 강남구,~ 03/31(화)
[일본/관동]IT 엔지니어 경력직 채용,(주)발렉스서비스,일본 일본,~ 03/05(목)
IT 경력사원 채용,주식회사 신진에스엠,경기 화성시,내일마감
IT정보화실 MES(생산관리) 관련 경력직 채용,금영제너럴,서울 강남구,~ 04/25(토)
IT팀(웹프로그래머 담당),월드비전,서울 영등포구,~ 03/08(일)
"[기업부설연구소] IT웹개발 (Spring, java, jsp) 경력직 모집",학지사 교육문화출판미디어그룹,서울 마포구,~ 03/20(금)
[IT팀] MES 운영 관리 및 전산담당자 모집,(주)지엠테스트,충남 천안시 서북구,내일마감
IT 보안솔루션 유지보수 계약 업무 경력자 채용,(주)동훈아이텍,서울 강남구,18시마감
"[외국계/천안] 반도체 제조 판매 회사, IT System Engineer 채용",(주)맨파워그룹코리아,충남 천안시 동남구,~ 03/12(목)
[광화문/종각] SK이노베이션 IT관련 사무직 채용,(주)맨파워그룹코리아,서울 종로구,채용시
[용인/월200만원]임상검사 전문 의료기관 / IT-Helpdesk 채용,(주)맨파워그룹코리아,경기 수원시 영통구,~ 03/10(화)
[신입/경력] IT 서비스 영업/마케팅 - 가산,㈜인피닉,서울 금천구,~ 03/26(목)
IT인프라 Cloud 시스템 엔지니어 경력 정규직/계약직 채용,한신정보(주),경남 창원시,~ 04/03(금)
㈜시대고시기획시대교육에서 IT 기획자를 모집합니다.,(주)시대고시기획시대교육,서울 마포구,~ 04/24(금)
IT전략기획 경력사원 모집,유진아이티서비스(주),서울 영등포구,~ 04/03(금)
인탑스(주)  IT전산 팀원 채용,인탑스주식회사,경북 구미시,~ 03/20(금)
IT. 네트워크 . 보안 엔지니어,(주)인섹시큐리티,서울 금천구,상시채용
"IT헬프데스크 신입, 경력 채용",(주)엘앤제이테크,서울 구로구,~ 03/27(금)
한국후지제록스정보시스템 IT사원 계약직 모집(연봉 3000만원),한국후지제록스정보시스템㈜,서울 중구,채용시
IT 기술영업 신입/경력 채용,삼미정보시스템(주),경남 창원시,~ 03/06(금)
"IT혁신팀 ERP, WEB 개발자 모집 - 정규직",신도산업(주),경기 파주시,~ 03/30(월)
신입/경력 채용( IT/경영지원/디지털마케팅/foreign staff),(주)글로벌머니익스프레스,서울 종로구,내일마감
IT 기술 영업 솔루션사업팀 신입 사원 채용 (남/여 각1명),(주)비즈앤블럭,서울 성동구,채용시
IT분야 TA 전문가를 모십니다,메이엔,세종특별자치시,~ 03/01(일)
"IT 분야 영한 번역 검수자 모집 (Google, Unity, VMware, 기타)",주식회사 민트앤,서울 강남구,~ 03/07(토)
"[미국계 금융회사 - NMSI, Inc.] IT사원 Web Developer","NMSI, Inc",서울 강남구,~ 04/25(토)
IT 시스템 엔지니어 모집 (자격제한없음),(주)에스엠테크놀로지,서울 강남구,~ 04/09(목)
IT 사업관리/ 영업지원 신입 및 경력,에스씨지랩(주),서울 마포구,~ 03/09(월)
"IT (PC) 조립, 설치 가능자",케이엠커머셜,대구 동구,~ 04/12(일)
IT 솔루션 엔지니어 신입/경력 무관,알비소프트(주),서울 성동구,~ 03/20(금)
[국비지원] 해외취업연수(일본 IT업체 취업연수생 모집),(주)두루컴퍼니,서울 강남구,~ 04/06(월)
[독일계 IT 회사] IT Admin 포지션 채용,켈리서비스 유한회사,충남 천안시 동남구,채용시
IT팀 Manager 경력사원 채용(정규직),월드패밀리잉글리쉬코리아(주),서울 강남구,~ 03/07(토)
모비스 터키 법인 IT 관리자 채용,현대모비스 터키법인,유럽 터키,~ 03/13(금)
[경영지원팀] IT/총무 담당자 모집 공고,정진국제특허법률사무소,서울 구로구,채용시
IT팀 신입 직원 모집,뷰성형외과,서울 강남구,~ 03/13(금)
IT 경력 채용 공고(정규직),파이퍼베큠세미코리아 유한회사,경기 화성시,오늘마감
IT Manager 채용,프론테오코리아(주),서울 강남구,~ 03/18(수)
[도서출판 디지털북스] IT컴퓨터ㆍ취미ㆍ예술 기획팀(신입/경력),디지털북스,서울 마포구,~ 04/11(토)
[AI 보안솔루션] IT기획자 신입/경력 모집,(주)컴트루테크놀로지,서울 마포구,~ 03/01(일)
[ UNIQLO ] IT 네트워크 엔지니어/PM/경력자 채용,에프알엘코리아(주),서울 송파구,채용시
[오로라월드] IT팀 경력직 채용,오로라월드(주),서울 강남구,~ 03/28(토)
[일본/후쿠오카]IT 헬프 데스크 담당자 채용,(주)발렉스서비스,일본 일본,상시채용
[차바이오텍]  IT사업본부 부문별 경력사원 채용,(주)차바이오텍,경기 성남시 분당구,~ 03/31(화)
(주)트라이씨클 경력사원 채용 (IT),(주)트라이씨클,서울 서초구,채용시
[펜타시큐리티] IT보안솔루션 영업/영업지원 담당자 모집,펜타시큐리티시스템(주),서울 영등포구,~ 03/05(목)
사내 네트워크/IT 기술지원 엔지니어 모집,서울데이타통신(주),서울 마포구,~ 04/18(토)
[에이텍시스템/판교/정규직] IT관련 기업대상 영업직원 채용,(주)에이텍시스템,경기 성남시 분당구,채용시
[외국계IT/판교] (6개월 단기) Finance Team Admin (신입 가능),(주)맨파워그룹코리아,경기 성남시 분당구,~ 03/07(토)
[외국계IT/삼성역] Marketing Admin 채용,(주)맨파워그룹코리아,서울 강남구,내일마감
[IT외국계/선릉] Service Admin 채용,(주)맨파워그룹코리아,서울 강남구,~ 03/01(일)
[글로벌IT/선릉] Finance & HR 경력 채용 (산휴 대체),(주)맨파워그룹코리아,서울 강남구,내일마감
[IT외국계/선릉] Service Admin 경력직 채용,(주)맨파워그룹코리아,서울 강남구,오늘마감
[외국계IT/선릉] Finance Accountant  Accountant & HR General,(주)맨파워그룹코리아,서울 강남구,~ 03/01(일)
"[IT연구본부] PHP ,MYSQL, 리눅스, AWS 경력 모집 공고",(주)와이아이씨컴퍼니,서울 강남구,~ 03/09(월)
IT 및 마케팅 분야 영한 전문 번역 프리랜서 모집,한국아이시스㈜,서울 서초구,~ 03/14(토)
IT Device 전문 유튜버/유튜브 크리에이터/영상 편집담당 모집,(주)에스라이즈,서울 용산구,~ 03/07(토)
"솔루션영업/기술영업(IT)/PM, 해외취업 모집합니다(경력)",㈜캐스트이즈,아시아·중동 베트남,내일마감
[삼성그룹/잠실/IT전공]삼성SDS 자회사 구매팀 총무사무 채용,(주)맨파워그룹코리아,서울 송파구,~ 03/11(수)
[IT외국계/선릉] Service Admin [산휴대체] 채용,(주)맨파워그룹코리아,서울 강남구,~ 03/07(토)
"[Deloitte] 금융컨설팅그룹 회계,계리,리스크, IT 전문가 모집",안진회계법인,서울 영등포구,채용시
[신성씨앤에스] IT하드웨어 세팅(PC조립) 및 엔지니어 정규직 확장 채용(서울 구로구),(주)신성씨앤에스,서울 구로구,~ 03/13(금)
(IT경력) 유통/물류시스템 S/W 운영 및 JAVA 개발자 모집,주식회사 프리오,서울 금천구,~ 03/02(월)
[국비/노동부지원100%무료IT취업과정]JAVA/자바개발자 취업과정,(주)한국소프트웨어아이엔씨,서울 금천구,내일마감
IT 네트워크 보안유지보수 엔지니어,(주)커넥스,서울 영등포구,16시마감
[을지로입구] IT helpdesk 채용/연봉 2676만(채용 시 마감),㈜에이젝코리아,서울 중구,~ 03/28(토)
이수그룹 IT회사 경력채용(설비관리 엔지니어/솔루션 영업),(주)이수시스템,서울 서초구,17시마감
럭셔리 커머스 IT개발 직무별 담당자 채용,(주)발란,서울 강남구,내일마감
[도곡/외국계기업/연봉협의] 유명 IT기업 유지보수 채용,(주)헬로서치,서울 강남구,상시채용
[골프 선두기업] 골프장 IT솔루션 운영/관리 정규직,(주)스마트스코어,서울 강남구,~ 04/25(토)
[골프IT기업] 웹개발(Front-end/Back-end) 정규직모집,(주)스마트스코어,서울 강남구,~ 04/25(토)
(주)스타랩스 IT 각 분야별 경력 채용,주식회사 스타랩스,서울 강남구,상시채용
"2020년 IT직군 모집(웹개발, 서버운영관리, 퍼블리셔, DB구축,",(주)와이파트너즈,경남 진주시,18시마감
국비무료 IT취업교육 자바전문가 응용SW엔지니어 양성과정,(주)인크레파스 융합SW교육센터,서울전체,내일마감
[글로벌 IT 기업 A사] Administrative Assistant (2년 이상),켈리서비스 유한회사,서울 강남구,채용시
[업계상위연봉] 외식/IT기업 법무팀 경력직 채용,(주)리치빔,서울 송파구,~ 03/25(수)
[씨제스걸리버스튜디오] SE부서 IT헬프데스크 신입/경력 채용,(주)씨제스걸리버스튜디오,경기 고양시 일산서구,~ 04/27(월)
IT 서비스 프론트엔드 개발자 모집 (신입 & 경력),(주)비브릭,서울 강남구,채용시
"IT Infra (Server, Network) 구축 및 관리 담당자 채용",주식회사 볼트러스트,서울 강남구,~ 03/13(금)
경력/신입 PR AE/Digital팀 채용 - 유통/블록체인/IT/자동차브랜,주식회사 함샤우트,서울 마포구,상시채용
[차바이오텍]  IT사업본부 분당 전산팀 경력모집 (분당 차병원),(주)차바이오텍,경기 성남시 분당구,~ 03/31(화)
IT·솔루션영업 정규직 채용 - 경력사원,다쏘시스템코리아(주),서울 강남구,~ 04/13(월)
[IT팀] ERP 운영 및 개발자 모집,(주)신신사,경남 김해시,채용시
IT·솔루션영업(시스템영업/SI영업外 부문) 채용합니다,(주)글로벌텔레콤,서울 영등포구,~ 04/26(일)
"sk그룹사 사무지원 사원 모집 / 남자환영 ( IT,전기,전자,통신)",(주)파인스태프,경기 성남시 분당구,채용시
외국계 기업 상주 근무자 IT end user support (영어 인터뷰),㈜퓨처젠,서울 구로구,~ 04/18(토)
IT영업/솔루션영업/소프트웨어영업/기술영업 담당자 채용,(주)한국인프라,서울 강남구,~ 04/26(일)
영업지원 및 관리 업무 경력자 (IT업체근무 경력자 우대),AIS테크놀러지(주),서울 강남구,~ 04/26(일)
"기술지원, 기술영업(IT)外 정규직 채용 - 경력/신입",(주)스프링웨이브,경기 성남시 분당구,채용시
[글로벌IT D사/역삼역] Sales Admin 채용,(주)맨파워그룹코리아,서울 강남구,내일마감
[IT/외국계] 글로벌 소프트웨어 S사 임원비서 채용,(주)맨파워그룹코리아,서울 강남구,~ 03/01(일)
반도체 및 IT 검사용 Test Socket 생산관리/현장관리 경력/신입,하이콘 주식회사,경기 성남시 중원구,~ 04/09(목)
정규직 IT기술부문 경력 채용,유니원아이앤씨(주),서울 영등포구,~ 03/13(금)
[정규직] IT제조 해외영업(유럽) 담당자 채용/과장 차장,(주)우심시스템,경기 광명시,~ 03/10(화)
"IOT 분야, IT 영업, 기술관리, 시스템 영업, 정규직 채용합니다",(주)아센코리아,서울 금천구,~ 03/06(금)
보안솔루션사업부 기술영업(IT) 및 채널영업 경력사원 채용,(주)아이넷뱅크,서울 송파구,~ 03/20(금)
[판교 IT기업] UI 및 시각 디자인 인턴 및 정규직 채용,콩테크(주),경기 성남시 분당구,~ 03/06(금)
[신입/경력] SQA/Tester/테스터/IT사무직 모집 공고,(주)에이취큐텍,경기 용인시 기흥구,~ 04/07(화)
"[판교, IT 기업] IT 서비스 영업 신입 채용",콩테크(주),경기 성남시 분당구,~ 04/26(일)
연구소·R&D(정보통신·IT外 2개 부문) 기업부설연구소장 채용,(주)대연씨앤아이,서울 구로구,~ 04/07(화)
IT 솔루션 채널사업팀장,(주)비아이매트릭스,서울 강남구,~ 03/09(월)
"전력IT분야(전기,전자,제어,통신,소프트웨어) 함께할 인재모집",대웅전기공업(주),경기 김포시,18시마감
[경력3년~5년] 외국계 IT기업 HR 채용,(주)뤼드코리아,서울 강남구,~ 03/19(목)
IT기술영업(경력) 및 영업지원(신입/ 경력) 모집,(주)앤커웨이브,서울 영등포구,~ 03/12(목)
2020년 경력직 엔지니어 채용 (부문 : IT기술지원 - 서버분야 ),(주)오에스테크,서울 서초구,~ 03/20(금)
IT 인프라 엔지니어 모집 -신입/경력,(주)유엔지코리아,서울 서초구,오늘마감
[ 인재모집 ]소프트웨어.하드웨어 전문인력 신입&경력 #IT일꾼#,㈜소프트정보서비스,서울 용산구,~ 04/24(금)
IT·인터넷 기술팀 네트워크 엔지니어 채용,(주)스카이코어,서울 송파구,~ 04/25(토)
글로벌 IT기업을 만들어갈 [웹/앱 개발자] 채용,빈스미디어(주),서울 마포구,채용시
연구소 정보통신·IT 모집(경력자우대),주식회사 글로벌브릿지,인천 연수구,~ 04/25(토)
글로벌 IT기업을 만들어갈 [시각디자이너],빈스미디어(주),서울 마포구,채용시
[아람만 신라호텔 카지노] 전산(IT)팀 채용 공고,(주)마제스타,제주 서귀포시,채용시
IT·솔루션영업(솔루션영업/SI영업 외 3개 부문) 채용,케이엘정보통신(대전지사),대전 서구,~ 04/25(토)
[IT스타트업] (주)지식팩토리 웹개발자 채용,(주)지식팩토리,서울 강남구,~ 04/14(화)
"MOS2016강사, IT강사外 경력 채용(계약직&프리랜서)",동의대학교,부산 부산진구,~ 03/02(월)
(주)스타랩스 IT분야 웹디자이너/웹기획자 채용,주식회사 스타랩스,서울 강남구,채용시
[물류IT 스타트업] 야간조 운영 담당자 모집,알고랩,서울 강남구,~ 03/23(월)
[업계상위대우] 외식/IT기업 회계팀 경력직 채용,(주)리치빔,서울 송파구,~ 03/25(수)
IT·솔루션영업 외 정규직 채용 공고(신입&경력),디엔에이텍(주),서울 강남구,~ 04/26(일)
"[IT스타트업] 패션 오픈마켓에서 디자인, 운영, 마케팅 모집",(주)아이엔컬처,서울 강남구,~ 04/21(화)
"바이오 IT·솔루션영업, 기술영업 외 1개 부문 담당자 채용",데이터씨,서울 서초구,~ 03/15(일)
[경력] 전문직업·IT강사 아르바이트 채용,사단법인 미래직업협회,서울 금천구,~ 03/03(화)
IT·솔루션영업 외 2개 부문 담당자 모집 공고,골든커뮤니케이션,대구 북구,~ 04/13(월)
"IT·솔루션영업(솔루션영업, SI영업) 모집합니다",(주)제이피솔루션,서울 구로구,~ 03/05(목)
[IT영업 및 오라클 기술지원팀] 신입/경력사원모집,(주)아이티브레인,서울 강남구,~ 03/15(일)
"IT솔루션 영업대표(민수, 공공기관 영업) 과장, 차장급 모집",㈜온더아이티,경기 성남시 분당구,~ 03/15(일)
IT 통합 유지보수(AS) 신입사원 채용 창원,(주)케이원정보통신,경남 창원시,~ 04/10(금)
[피치밸리] 컴퓨터 및 IT기기 수리 엔지니어 정규직 모집,(주)피치밸리,서울 용산구,~ 04/07(화)
IT 헬프데스크 기술지원 및 전산실 유지보수[강원도 강릉],서울데이타통신(주),서울 마포구,~ 04/27(월)
[vtw] 전문 IT 컨설턴트 채용 (ISP/ISMP 컨설팅),(주)브이티더블유,서울 용산구,~ 04/27(월)
[에보닉코리아]  IT서비스데스크 운영 경력사원 채용,필라테크,서울 동작구,~ 04/19(일)
(주)위비스 IT 시스템개발 경력직 채용 (대리/과장급),(주)위비스,서울 성동구,~ 04/18(토)
기술영업(IT) 경력사원을 모집합니다,㈜아이비에스,대전 유성구,~ 03/11(수)
외국계 고객사 대상 IT기술영업(영어 필수),(주)제이티에스코퍼레이션,서울 성동구,~ 03/20(금)
[신입/경력] IT HELPDESK 파견 엔지니어 채용,(주)엠토스솔루션스,서울 서초구,~ 03/20(금)
"IT헬프데스크원격상담,기술지원(생명보험사본사)",(주)푸른정보통신,서울 종로구,채용시
[유아이티] IT기술직 신입 채용,(주)유아이티,서울 강남구,채용시
IT 유지보수,(주)굿모닝씨티에스,서울 용산구,~ 03/16(월)
IT 서버영업·솔루션 영업 (사원·대리·과장),엔셀 주식회사,경기 성남시 분당구,~ 04/26(일)
사용자 IT Helpdesk 서비스지원,아이리스인포테크주식회사,서울 서초구,~ 03/25(수)
"IT·솔루션영업, 웹기획·PM 담당자 채용",유니웹스㈜,서울 송파구,~ 03/01(일)
IT 기술영업 경력직 구인,(주)이노피아테크,경기 성남시 중원구,내일마감
"[아던트] IT컨설팅, 신입/경력사원 모집",㈜아던트,서울 영등포구,~ 03/13(금)
IT 보안사업본부 신입 / 경력 영업직 채용 (사원 / 대리 / 과장),(주)에코넷시스템,서울 영등포구,~ 03/31(화)
2020년 상반기 IT 기술지원 및 하드웨어 엔지니어 채용,(주)에이스뷰테크,서울 서초구,~ 03/06(금)
IT Helpdesk 모집 공고(경력&신입),데이타링크시스템스(주),서울 강남구,~ 04/06(월)
IT 인프라 시스템  기술영업,(주)제이엔테크놀러지,서울 구로구,상시채용
[경력사원] SI영업&솔루션영업&기술영업(IT) 정규직 공고,(주)엔소프트,울산 남구,~ 03/20(금)
[영업부] IT 인프라 영업 경력직 모집 공고,케이디아이앤씨(주),서울 마포구,오늘마감
IT 기술영업 사원을 모집합니다.,㈜데이타뱅크시스템즈,대구 남구,내일마감
IT 보안 솔루션 영업 및 관리지원,(주)커넥스,서울 영등포구,17시마감
IT 기술지원 전문가,(주)해누리정보기술,서울 영등포구,~ 03/10(화)
직업훈련기관 IT분야 JAVA / SpringMVC 강사(긴급),한국경영원 인재개발원,광주 북구,오늘마감
"IT 사업기획 (사업관리, 컨텐츠 계획, UI설계, 웹기획, 제안컨설",(주)이튜,대구 수성구,~ 04/17(금)
건설IT시스템 기술지원 및 컨설팅 직원모집(경력무관),(주)한국씨엠씨,서울 구로구,채용시
IT 기술영업 정규직 경력 및 신입 채용,(주)메이머스트,서울 강남구,~ 04/05(일)
"IT유지보수, HW(하드웨어) 외 정규직 - 경력&신입(영어필수)",그린비아이티(주),서울 강남구,~ 03/21(토)
[신입/경력] SI영업&솔루션영업&기술영업(IT) 모집,한국솔루션(주),서울 금천구,~ 03/20(금)
외국계 기업 IT Servicedesk 인터넷·네트워크 정규직 채용,(주)제오네트웍스,서울 중구,~ 04/13(월)
2020년 상반기 IT컨설팅/ SI 영업을 담당할 경력사원 모집합니다,(주)티에이파트너스,서울 성동구,~ 03/11(수)
IT·솔루션영업(솔루션영업&SI영업外 3개 부문) 채용,이모션웨이브(주),경기 수원시 영통구,~ 04/20(월)
기술영업(IT) 및 네트워크 보안 영업 모집,(주)에이엠네트웍스,서울 금천구,~ 04/21(화)
IT기획/운영,금보개발(주) 오라카이 인사동 스위츠,서울 강남구,~ 03/14(토)
[시청역/연2450만] 외국계기업 IT Helpdesk,㈜에이젝코리아,서울 중구,채용시
[천안/영어 가능자/기숙사 지원] IT 시스템 엔지니어 채용,㈜에이젝코리아,충남 천안시 동남구,~ 03/22(일)
IT 솔루션 유지관리 위한 웹프로그램 개발 정규직 인력 모집,(주)헥사플레이스,서울 강남구,~ 03/13(금)
영업부 IT·솔루션영업 경력 모집,(주)헥사플레이스,서울 강남구,~ 03/13(금)
IT 영업지원 사원 모집. (신입/경력),제이와이씨엔아이(주),서울 강남구,~ 04/10(금)
[판교역 인근] SK임직원 PC 및 IT 1차 장애지원 콜센터,(주)레코피스,경기 성남시 분당구,~ 03/13(금)
KERING Retail IT Operations Specialist (사원/계약직),케어링코리아(주),서울 강남구,~ 03/07(토)
IT헬프데스크 담당자 모집,윈텍정보통신,서울 서초구,~ 04/19(일)
IT 헬프데스크 모집합니다,포유넷,서울 서초구,오늘마감
"IT 기술영업(영등포,강남,청주근무)",㈜씨앤씨,충북 청주시 흥덕구,~ 04/03(금)
IT 기술영업 채용,다음정보 주식회사,광주 서구,~ 04/03(금)
기업용 IT시스템 관제 운영 채용공고,(주)파빌리온텍,서울 영등포구,내일마감
해외취업과정 IT 프로그래밍 강사 채용,(주)소프트엔지니어소사이어티,광주 광산구,~ 03/13(금)
영업부 IT·솔루션영업 경력/신입 모집,주식회사 비엔씨,서울 금천구,채용시
역량있는 IT 컨설턴트 인턴 채용,비움소프트 주식회사,서울 종로구,~ 04/18(토)
BIO IT 부문 개발 담당자 채용,아이진(주),경기 고양시 덕양구,채용시
역량있는 IT 컨설턴트(신입/경력) 채용,비움소프트 주식회사,서울 종로구,~ 03/23(월)
"[미국] 휴대폰 악세사리 회사 마케팅, IT, 판매팀 외 인턴 모집",(주)WICCKOREA,미국 미국,내일마감
"부전역-이용 / 미국계IT 고객센터 기술상담 [인바운드,정규직]",에스엠써칭플러스,부산 부산진구,채용시
[부전역/미국IT 고객센터] 스마트폰/태블릿PC 사용안내(CS),에스엠써칭플러스,부산 부산진구,채용시
[서울역/자동차B사] IT Admin 인턴직 채용 (영어가능자/월250만),켈리서비스 유한회사,서울 중구,~ 03/18(수)
IT·솔루션영업&웹기획·PM 담당자 모집합니다,몬드리안에이아이(주),인천 연수구,~ 04/25(토)
[(주)이롭] IT기술지원 신입사원 공개채용,(주)이롭,서울 구로구,오늘마감
IT 웹/모바일 화면 기획자 모집합니다.,(주)자유로운말들,서울 금천구,~ 04/25(토)
금융권 IT HELP DESK 유지보수,(주)티오엠테크,서울 구로구,~ 04/04(토)
IT 교육영업 경력무관 채용(정규직),(주)에프레인,서울 서초구,오늘마감
IT 기술영업팀 담당자를 모십니다.,이노팀스 주식회사,부산 사상구,~ 03/05(목)
IT 영업 지원 및 영업 사원 모집,비즈리더그룹(주),서울 금천구,내일마감
전략기획본부에서 신사업 함께할 IT서비스 기획자 채용,㈜루시드프로모커뮤니케이션즈,서울 서초구,~ 03/23(월)
기술지원/IT장비 유지보수/ IT 장비 납품 및 설치/물류관리 지원,(주)엠엔제이시스템,서울 용산구,상시채용
기술영업(IT) 채용 - 경력사원,(주)네비웍스,경기 안양시 동안구,18시마감
IT 마케팅 경력직 상시채용 공고,(주)디에스앤지,서울 영등포구,~ 03/31(화)
"[기술영업] 네트워크, 보안, IT솔루션",(주)우리엔아이에스,서울 송파구,~ 04/08(수)
IT 장비 B2B 영업(PC 노트북 가전제품),(주)굿모닝씨티에스,서울 용산구,~ 03/16(월)
"기계설계(반도체/휴대폰/IT검사용 Socket, Jig, 장비)",(주)네스텍코리아,경기 수원시 권선구,~ 03/28(토)
"[디지아톰]IT분야 영어 우수 인재 모십니다.[LG UPlus, NIPA AR]",(주)디지아톰,서울 구로구,~ 04/24(금)
IT기획자 신입/경력사원 모집,(주)퀸텟시스템즈,서울 영등포구,~ 04/18(토)
(종로) 삼보컴퓨터 계열사 IT제품 상품기획 담당자 채용,(주)삼보컴퓨터,서울 종로구,~ 04/03(금)
"[디지아톰]IT관련 해외사업부 경력 모집(LG U Plus, NIPA AR)",(주)디지아톰,서울 구로구,~ 04/24(금)
코아IT 영업팀 팀장급 채용,(주)코아아이티,충북 청원군,~ 04/05(일)
[영업부] IT서버/스토리지 판매 및 서비스영업,(주)한길WIT,경기 성남시 중원구,~ 03/23(월)
토목 IT 계측분야 경력무관 채용 (경기도 성남시),비티컨설턴트㈜,경기 성남시 중원구,오늘마감
IT IBM 엔지니어 직원 채용,태건에스앤아이(주),전남 나주시,오늘마감
IT 전산장비 및 보안장비 유지보수 직원 채용,(주)조은아이티,충남 공주시,~ 03/17(화)
IT지원실 시스템엔지니어(SE) 채용,한패스(주),서울 성동구,~ 03/15(일)
통신 및 IT분야 업인력 채용 (경력),(주)아이페이지온,서울 강남구,채용시
[마케팅] 크레아텍 IT솔루션 마케터 채용 공고,(주)크레아텍,서울 금천구,~ 04/03(금)
IT 강사님 구인 [Java],(주)에이치비아이기술연구소,서울 중구,~ 03/10(화)
IT정보시스템 개발 및 유지보수 사원 모집,다온인포텍(주),울산 동구,~ 03/14(토)
애자일소다  IT기술영업 담당자 모집,(주)애자일소다,서울 강남구,~ 03/08(일)
"(경력직우대)IT  응용,시스템관리 소프트웨어 개발 운영 및 관리",(주)에스앤비,대전 유성구,~ 03/16(월)
영업팀 IT·솔루션영업 정규직 채용,(주)포애니기술,서울 영등포구,~ 04/10(금)
[정규직/강남]중국 it기기 한국지사 총판 영업직 채용,(주)메이크인,서울 강남구,~ 03/20(금)
IT서비스 유지 보수 엔지니어 모집공고,(주)영일넷,서울 노원구,~ 04/12(일)
IT보안/솔루션영업 경력 채용,(주)제이시큐어플랫폼,서울 강남구,오늘마감
IT분야 R&D센터/기업부설연구소 연구소장 모집 공고,(주)헤븐트리,경북 경산시,~ 03/06(금)
지오유그룹웨어  웹사이트 운영 및 IT컨설턴트 (부산),주식회사 지오유아이티,부산 해운대구,채용시
IT·솔루션영업(솔루션영업 외 1개 부문) 채용,원오티(주),경기 수원시 영통구,오늘마감
IT 솔루션 영업 경력 채용 (경력 1 ~ 5년 ),(주)엠티엠이엔티,서울 마포구,~ 03/15(일)
지오유그룹웨어 웹사이트 운영 및 기술지원 ( 서울 IT컨설턴트),주식회사 지오유아이티,서울 영등포구,채용시
[출판사] IT/컴퓨터 분야 도서 [기획자] 모집,비제이퍼블릭,서울 중구,~ 03/20(금)
[IT/솔루션영업] 기술영업원 채용 합니다(신입),(주)센티널테크놀로지,서울 마포구,~ 03/22(일)
"비교 다이렉트 IT부문 웹,모바일 프로그래머 경력사원채용 공고",비교다이렉트,대구 수성구,~ 04/13(월)
IT 학원 정보보안 관련 강사를 모집합니다(경력),한국아이티진흥(주),대전 서구,~ 03/29(일)
"영업인재 채용 ( IT영업 , 전산장비 유통 및 POS수리 Repair)",(주)수호아이티,서울 구로구,~ 04/14(화)
IT 영업 신입 사원 모집,(주) 이터널아이티코리아,서울 영등포구,채용시
Green IT 채용모집 공고,그린아이티,충남 천안시 서북구,~ 04/17(금)
[UBASE] 유베이스 IT개발팀 개발자 경력직 모집,(주)유베이스,경기 부천시,~ 04/14(화)
[EY컨설팅] 컨설팅 본부 내부통제 및 IT 전산감사 경력직 채용,한영회계법인,서울 영등포구,~ 03/20(금)
IT SAP 어플리케이션 경력직 채용 (정규직),디케이에스에이치코리아 (주),서울 강남구,14시마감
[SCK] IT Engineer 및 Solution영업 경력직 채용,(주) 에쓰씨케이,서울 강남구,~ 03/04(수)
IT Executive (신입/경력) 계약직 모집,입소스 주식회사(IPSOS),서울 중구,~ 03/03(화)
IT연구소 S/W 개발자 채용,(주)유투바이오,서울 송파구,~ 03/06(금)
[IT관련] 통합유지보수 프로젝트관리(PM) 경력자모집,㈜시스게이트,경기 안양시 동안구,~ 03/20(금)
유베이스인터셔날 채용연계형 (IT부문) 인턴사원 모집,(주)유베이스인터내셔날,서울 성동구,채용시
IT개발팀 jsp/java 프로그래머 경력사원 모집 공고,(주)투에버,대구 동구,내일마감
(주)팍스넷  IT개발팀 JAVA 웹개발자 채용,㈜팍스넷,서울 강남구,채용시
[위엠비] IT 소프트웨어 / 솔루션 영업 - 정규직 채용 모집,㈜위엠비,서울 영등포구,~ 03/16(월)
IT·솔루션영업(HW·SW 영업/SI영업),(주)온고테크,서울 성동구,~ 04/06(월)
[IT/R&D] 아이오베드 개발부 사원 모집,(주)아이오베드,경기 고양시 일산서구,~ 04/13(월)
IT인프라/HCI/VMware/가상화/Linux/x86 기술 엔지니어 모집,(주)온고테크,서울 성동구,~ 03/20(금)
IT 컨설턴트 경력사원 모집,아이씨티웨이(주),경기 안양시 동안구,~ 04/04(토)
[AIA생명] IT 서비스 헬프데스크 신입사원 채용,필라테크,서울 중구,~ 04/19(일)
[외국계/중구]자동차 금융서비스 전문 회사 IT Admin 6개월 단기,(주)맨파워그룹코리아,서울 용산구,~ 03/20(금)
"삼성역 외국계 상주 IT Helpdesk (경력, 정규직, 영어 가능자)",(주)제이티에스코퍼레이션,서울 강남구,~ 03/20(금)
부산외국계 상주 IT Helpdesk (경력/계약직/업무상 영어 가능),(주)제이티에스코퍼레이션,부산 해운대구,~ 03/20(금)
인천송도 상장사 상주 IT Helpdesk (계약직 후 정규직전환),(주)제이티에스코퍼레이션,인천 연수구,~ 03/21(토)
재고관리(IT),(주)굿모닝씨티에스,서울 용산구,~ 04/04(토)
유니웹스와 함께하실 IT분야 영업인재 채용,유니웹스㈜,서울 송파구,~ 03/01(일)
"IT·솔루션영업 경력사원  모집 (과장, 차장, 부장급)",㈜윈즈시스템,경기 성남시 분당구,~ 03/28(토)
"컴퓨터시스템, CSV, 제약 IT 컨설턴트 / 엔지니어 신입/경력",(주)바이오써포트,경기 안양시 동안구,~ 03/20(금)
IT Project Manager 채용건,한국스코어링(주),서울 마포구,~ 04/14(화)
IT정보보안 솔루션영업을 함께 하실 분을 모집합니다.,(주)초록에스티,서울 송파구,~ 03/04(수)
IT 프로젝트 기획자/개발 PL 모집,테크빌교육 (주),서울 강남구,~ 03/23(월)
IT기술지원전문가 경력직 채용 모집합니다,(주)휴메인시스템,전북 전주시 완산구,~ 04/03(금)
"IT 솔루션 영업  [경력] (주)누리콘 정규직, 판교",(주)누리콘,경기 성남시 분당구,내일마감
IT사업부(인프라/웹개발/유지보수) 경력사원 모집,(주)바이오닉스,서울 성동구,~ 03/21(토)
IT 마케팅 / 홍보기획 경력사원 채용(정규직),에쓰오씨소프트(주),서울 구로구,~ 03/16(월)
[판교 IT기업] 펌웨어 개발자 모집,콩테크(주),경기 성남시 분당구,~ 03/28(토)
Oracle Database 엔지니어 및 IT기술영업 사원 모집,㈜데이타뱅크시스템즈,서울 금천구,내일마감
IT 솔루션영업 경력사원 모집,앤에스씨정보시스템㈜,서울 금천구,~ 04/11(토)
IT 기술영업 사원모집,하나정보기술주식회사,인천 부평구,~ 04/03(금)
카디프생명 IT헬프데스크 운영담당자 모집(경력),(주)앤커웨이브,서울 중구,~ 03/03(화)
핸드폰 / IT 사업 영업담당 경력 채용합니다.,주식회사 지모비코리아,서울 강남구,채용시
IT 영업 및 SW 기술지원 엔지니어 채용공고,(주)에이치씨인포,서울 성동구,채용시
